{"total": 2, "diff": [{"f9": 5587, "f12": "300602", "f13": 0, "f14": "飞荣达", "f20": 21319476112, "f23": 537, "f37": 7.37, "f45": 286171617.55, "f49": 20.2301970933, "f58": 3969518039.05, "f129": 6.6149943182, "f131": 29.54784393310547, "f132": 6095078712.16, "f133": 0.1, "f134": "-", "f135": 4120808077.7799997, "f137": 0.0, "f152": 2, "f1020": 16, "f1113": 46, "f1045": 18, "f1009": 32, "f1023": 58, "f1049": 37, "f1129": 30, "f1037": 24, "f1135": 19, "f1115": 31, "f1058": 19, "f1132": 17, "f1130": 43, "f1131": 29, "f1137": 61, "f1133": 63, "f1138": 61, "f2020": 0.0, "f2113": 0.0, "f2045": 0.0, "f2009": 0.0, "f2023": 0.0, "f2049": 0.0, "f2129": 0.0, "f2037": 0.0, "f2135": 0.0, "f2115": 0.0, "f2058": 0.0, "f2132": 0.0, "f2130": 0.0, "f2131": 0.0, "f2137": 0.0, "f2133": 0.0, "f2138": 0.0, "f3020": 1, "f3113": 3, "f3045": 1, "f3009": 2, "f3023": 3, "f3049": 2, "f3129": 2, "f3037": 2, "f3135": 1, "f3115": 2, "f3058": 1, "f3132": 1, "f3130": 2, "f3131": 2, "f3137": 3, "f3133": 3, "f3138": 3}, {"f9": 4179, "f12": "BK1037", "f13": 90, "f14": "消费电子", "f20": 3149470096000, "f23": "-", "f37": "-", "f45": "-", "f49": "-", "f58": "-", "f129": "-", "f131": "-", "f132": "-", "f133": "-", "f134": 98, "f135": "-", "f137": "-", "f152": 2, "f1020": 0, "f1113": 0, "f1045": 0, "f1009": 0, "f1023": 0, "f1049": 0, "f1129": 0, "f1037": 0, "f1135": 0, "f1115": 0, "f1058": 0, "f1132": 0, "f1130": 0, "f1131": 0, "f1137": 0, "f1133": 0, "f1138": 0, "f2020": 32137449926.7, "f2113": 8.32, "f2045": 624859206.64, "f2009": 20.61, "f2023": 5.47, "f2049": 21.0, "f2129": 4.11, "f2037": 2.89, "f2135": 7002703543.0, "f2115": 11.39, "f2058": 6558724319.62, "f2132": 19932230192.38, "f2130": 5.13, "f2131": -103.26, "f2137": 0.0, "f2133": 0.68, "f2138": 0.0, "f3020": 5, "f3113": 5, "f3045": 5, "f3009": 5, "f3023": 5, "f3049": 5, "f3129": 5, "f3037": 5, "f3135": 5, "f3115": 5, "f3058": 5, "f3132": 5, "f3130": 5, "f3131": 5, "f3137": 5, "f3133": 5, "f3138": 5}]}