{"total": 2, "diff": [{"f9": 20023, "f12": "002837", "f13": 0, "f14": "英维克", "f20": 106542245090, "f23": 3216, "f37": 12.97, "f45": 399069661.11, "f49": 27.3198916274, "f58": 3313055700.5, "f129": 10.2744004699, "f131": -386.81707763671875, "f132": 5743107707.87, "f133": 0.18, "f134": "-", "f135": 3323961825.4399996, "f137": 0.0, "f152": 2, "f1020": 1, "f1113": 69, "f1045": 8, "f1009": 55, "f1023": 89, "f1049": 48, "f1129": 33, "f1037": 11, "f1135": 10, "f1115": 54, "f1058": 9, "f1132": 4, "f1130": 84, "f1131": 79, "f1137": 74, "f1133": 56, "f1138": 74, "f2020": 0.0, "f2113": 0.0, "f2045": 0.0, "f2009": 0.0, "f2023": 0.0, "f2049": 0.0, "f2129": 0.0, "f2037": 0.0, "f2135": 0.0, "f2115": 0.0, "f2058": 0.0, "f2132": 0.0, "f2130": 0.0, "f2131": 0.0, "f2137": 0.0, "f2133": 0.0, "f2138": 0.0, "f3020": 1, "f3113": 4, "f3045": 1, "f3009": 3, "f3023": 4, "f3049": 3, "f3129": 2, "f3037": 1, "f3135": 1, "f3115": 3, "f3058": 1, "f3132": 1, "f3130": 4, "f3131": 4, "f3137": 4, "f3133": 3, "f3138": 4}, {"f9": 6514, "f12": "BK0910", "f13": 90, "f14": "专用设备", "f20": 1798869968000, "f23": "-", "f37": "-", "f45": "-", "f49": "-", "f58": "-", "f129": "-", "f131": "-", "f132": "-", "f133": "-", "f134": 199, "f135": "-", "f137": "-", "f152": 2, "f1020": 0, "f1113": 0, "f1045": 0, "f1009": 0, "f1023": 0, "f1049": 0, "f1129": 0, "f1037": 0, "f1135": 0, "f1115": 0, "f1058": 0, "f1132": 0, "f1130": 0, "f1131": 0, "f1137": 0, "f1133": 0, "f1138": 0, "f2020": 8922899530.96, "f2113": 6.93, "f2045": 139607937.78, "f2009": 148.59, "f2023": 5.19, "f2049": 26.93, "f2129": 5.48, "f2037": 3.59, "f2135": 2680865815.76, "f2115": -136.78, "f2058": 2418925536.91, "f2132": 2686639059.37, "f2130": 6.32, "f2131": 43.39, "f2137": 0.0, "f2133": 0.84, "f2138": 0.0, "f3020": 5, "f3113": 5, "f3045": 5, "f3009": 5, "f3023": 5, "f3049": 5, "f3129": 5, "f3037": 5, "f3135": 5, "f3115": 5, "f3058": 5, "f3132": 5, "f3130": 5, "f3131": 5, "f3137": 5, "f3133": 5, "f3138": 5}]}