{"total": 2, "diff": [{"f9": -16489, "f12": "002413", "f13": 0, "f14": "雷科防务", "f20": 19922044948, "f23": 595, "f37": -2.67, "f45": -90613314.05, "f49": 35.9480724026, "f58": 3350647582.52, "f129": -8.9257826246, "f131": 128.0201873779297, "f132": 1479202460.3, "f133": "-", "f134": "-", "f135": 3391658022.3799996, "f137": 0.0, "f152": 2, "f1020": 17, "f1113": 55, "f1045": 54, "f1009": 44, "f1023": 40, "f1049": 32, "f1129": 42, "f1037": 46, "f1135": 19, "f1115": 46, "f1058": 18, "f1132": 20, "f1130": 31, "f1131": 20, "f1137": 52, "f1133": 56, "f1138": 52, "f2020": 0.0, "f2113": 0.0, "f2045": 0.0, "f2009": 0.0, "f2023": 0.0, "f2049": 0.0, "f2129": 0.0, "f2037": 0.0, "f2135": 0.0, "f2115": 0.0, "f2058": 0.0, "f2132": 0.0, "f2130": 0.0, "f2131": 0.0, "f2137": 0.0, "f2133": 0.0, "f2138": 0.0, "f3020": 2, "f3113": 4, "f3045": 4, "f3009": 3, "f3023": 3, "f3049": 2, "f3129": 3, "f3037": 3, "f3135": 2, "f3115": 3, "f3058": 2, "f3132": 2, "f3130": 2, "f3131": 2, "f3137": 4, "f3133": 4, "f3138": 4}, {"f9": -49516, "f12": "BK1233", "f13": 90, "f14": "军工电子Ⅱ", "f20": 1273217680000, "f23": "-", "f37": "-", "f45": "-", "f49": "-", "f58": "-", "f129": "-", "f131": "-", "f132": "-", "f133": "-", "f134": 64, "f135": "-", "f137": "-", "f152": 2, "f1020": 0, "f1113": 0, "f1045": 0, "f1009": 0, "f1023": 0, "f1049": 0, "f1129": 0, "f1037": 0, "f1135": 0, "f1115": 0, "f1058": 0, "f1132": 0, "f1130": 0, "f1131": 0, "f1137": 0, "f1133": 0, "f1138": 0, "f2020": 19894026321.99, "f2113": 8.14, "f2045": 104664999.81, "f2009": 239.5, "f2023": 6.41, "f2049": 34.84, "f2129": -16.69, "f2037": -1.89, "f2135": 3837568115.11, "f2115": -57.12, "f2058": 3394951204.77, "f2132": 1656591688.52, "f2130": 18.94, "f2131": 155.2, "f2137": 0.0, "f2133": 0.2, "f2138": 0.0, "f3020": 5, "f3113": 5, "f3045": 5, "f3009": 5, "f3023": 5, "f3049": 5, "f3129": 5, "f3037": 5, "f3135": 5, "f3115": 5, "f3058": 5, "f3132": 5, "f3130": 5, "f3131": 5, "f3137": 5, "f3133": 5, "f3138": 5}]}